m01_a,False,1-A
m01_b,False,1-B
m01_c,False,1-C
m01_d,False,1-D
m01_e,False,1-E
m02_a,False,2-A
m02_b,False,2-B
m02_c,False,2-C
m02_d,False,2-D
m02_e,False,2-E
m03_a,False,3-A
m03_b,False,3-B
m03_c,False,3-C
m03_d,False,3-D
m03_e,False,3-E
m04_a,False,4-A
m04_b,False,4-B
m04_c,False,4-C
m04_d,False,4-D
m04_e,False,4-E
m05_a,False,5-A
m05_b,False,5-B
m05_c,False,5-C
m05_d,False,5-D
m05_e,False,5-E
m06_a,False,6-A
m06_b,False,6-B
m06_c,False,6-C
m06_d,False,6-D
m06_e,False,6-E
m07_a,False,7-A
m07_b,False,7-B
m07_c,False,7-C
m07_d,False,7-D
m07_e,False,7-E
m08_a,False,8-A
m08_b,False,8-B
m08_c,False,8-C
m08_d,False,8-D
m08_e,False,8-E
m09_a,False,9-A
m09_b,False,9-B
m09_c,False,9-C
m09_d,False,9-D
m09_e,False,9-E
